HJD,UT Date,Camera,FWHM,Limit,mag,mag_err,flux(mJy),flux_err
2455969.17014,2012-02-11.6682775,bb,1.83,14.928,9.751,0.004,482.401,1.681
2455969.17182,2012-02-11.6699543,bb,1.83,14.956,9.799,0.004,461.809,1.600
2455976.14523,2012-02-18.6432929,bb,1.98,14.134,8.302,0.003,1832.858,5.228
2455976.14700,2012-02-18.6450627,bb,2.00,14.149,8.293,0.004,1847.503,7.638
2455980.15320,2012-02-22.6512333,bb,1.74,13.944,8.278,0.013,1872.544,22.338
2455980.15499,2012-02-22.6530190,bb,1.73,13.866,8.118,0.013,2170.390,25.862
2455984.15510,2012-02-26.6531127,bb,1.71,14.090,8.705,0.013,1264.502,14.519
2455984.15685,2012-02-26.6548644,bb,1.70,13.828,8.219,0.013,1978.724,23.297
2455989.11030,2012-03-02.6083011,bb,1.74,13.891,8.113,0.013,2181.715,25.137
2455989.11211,2012-03-02.6101056,bb,1.78,13.891,8.109,0.012,2189.939,25.162
2455997.11374,2012-03-10.6117631,bb,2.00,13.769,8.093,0.013,2220.552,26.301
2455997.11534,2012-03-10.6133563,bb,1.77,13.802,8.144,0.013,2120.309,24.446
2456001.11748,2012-03-14.6155210,bb,1.71,13.902,8.123,0.013,2161.679,25.034
2456001.11920,2012-03-14.6172406,bb,1.74,13.899,8.114,0.012,2180.287,23.645
2456014.05054,2012-03-27.5487114,bb,1.78,14.003,8.184,0.005,2043.100,10.302
2456014.05231,2012-03-27.5504733,bb,1.80,14.027,8.229,0.005,1959.936,9.813
2456018.05718,2012-03-31.5554072,bb,1.80,14.036,8.249,0.005,1924.432,9.382
2456018.05894,2012-03-31.5571712,bb,2.08,13.987,8.200,0.005,2013.528,9.933
2456022.06194,2012-04-04.5602315,bb,1.70,13.877,8.115,0.005,2177.833,9.366
2456022.06356,2012-04-04.5618548,bb,1.72,13.871,8.142,0.007,2122.413,12.743
2456026.06479,2012-04-08.5631637,bb,2.00,99.990,99.990,99.990,99.990,99.990
2456026.06634,2012-04-08.5647119,bb,2.12,13.643,8.244,0.007,1932.646,12.419
2456030.06945,2012-04-12.5679065,bb,1.66,14.525,9.286,0.006,740.590,3.897
2456030.07113,2012-04-12.5695879,bb,1.67,14.709,9.648,0.006,530.688,2.854
2456037.01252,2012-04-19.5111442,bb,1.83,13.685,8.054,0.007,2303.555,15.155
2456037.01421,2012-04-19.5128288,bb,1.75,13.909,8.263,0.006,1900.531,10.161
2456041.02168,2012-04-23.5204003,bb,2.00,14.035,8.243,0.004,1935.407,7.924
2456041.02344,2012-04-23.5221641,bb,2.00,14.020,8.211,0.005,1992.838,8.303
2456320.17096,2013-01-27.6693293,bb,2.37,13.937,8.000,0.003,2421.478,7.286
2456320.17254,2013-01-27.6709188,bb,2.38,13.947,8.008,0.003,2402.884,7.357
2456336.95804,2013-02-13.4561509,bb,2.13,13.934,8.060,0.003,2292.125,6.602
2456336.95982,2013-02-13.4579278,bb,2.16,13.913,8.015,0.003,2387.552,6.002
2456377.01770,2013-03-25.5158355,bb,2.17,13.973,8.087,0.003,2233.420,7.118
2456377.98929,2013-03-26.4874437,bb,1.85,13.944,8.085,0.003,2238.816,6.832
2456377.99086,2013-03-26.4890146,bb,1.94,13.966,8.139,0.003,2129.549,6.561
2456380.98964,2013-03-29.4878339,bb,2.17,14.042,8.177,0.004,2057.322,6.846
2456380.99124,2013-03-29.4894385,bb,2.15,14.042,8.174,0.004,2063.450,7.013
2456388.04621,2013-04-05.5445214,bb,1.77,13.856,7.980,0.003,2464.826,6.628
2456388.04794,2013-04-05.5462472,bb,1.78,13.871,8.010,0.003,2398.685,6.819
2456388.93435,2013-04-06.4326733,bb,1.81,13.933,8.181,0.005,2048.307,9.358
2456388.93580,2013-04-06.4341233,bb,1.91,14.033,8.239,0.006,1941.645,10.562
2456389.93114,2013-04-07.4294896,bb,2.00,14.046,8.181,0.003,2048.792,6.123
2456389.93259,2013-04-07.4309400,bb,2.01,14.040,8.168,0.003,2074.965,5.811
2456393.03049,2013-04-10.5288950,bb,2.01,13.955,8.037,0.003,2340.176,6.707
2456393.03194,2013-04-10.5303462,bb,2.01,13.939,7.999,0.003,2423.655,6.303
2456397.99696,2013-04-15.4954865,bb,1.99,13.910,8.035,0.003,2342.797,5.990
2456397.99842,2013-04-15.4969366,bb,2.00,13.898,7.999,0.003,2422.191,7.315
2456402.00900,2013-04-19.5076111,bb,2.07,13.992,8.113,0.003,2180.287,6.111
2456402.01044,2013-04-19.5090615,bb,2.09,13.986,8.102,0.003,2203.610,5.534
2456402.93804,2013-04-20.4366773,bb,2.01,14.026,8.146,0.004,2117.027,7.236
2456402.94003,2013-04-20.4386651,bb,2.02,14.060,8.220,0.004,1976.195,6.948
2456408.92141,2013-04-26.4202103,bb,1.98,13.952,8.102,0.004,2202.776,7.665
2456408.92322,2013-04-26.4220106,bb,1.98,13.947,8.091,0.005,2226.122,9.222
2456409.92950,2013-04-27.4283219,bb,1.69,14.032,8.218,0.004,1980.090,6.427
2456409.93134,2013-04-27.4301607,bb,1.79,13.982,8.122,0.004,2162.850,7.442
2456414.93286,2013-05-02.4318207,bb,1.76,13.954,8.057,0.003,2296.648,6.505
2456414.93484,2013-05-02.4338042,bb,1.92,13.934,8.023,0.003,2370.471,7.160
2456415.93095,2013-05-03.4299444,bb,1.85,14.016,8.113,0.003,2181.432,6.824
2456415.93303,2013-05-03.4320285,bb,1.76,14.018,8.116,0.003,2174.673,6.794
2456437.95751,2013-05-25.4572144,bb,2.00,13.929,8.153,0.004,2104.006,7.834
2456437.95924,2013-05-25.4589462,bb,1.99,13.926,8.094,0.004,2220.260,7.974
2456439.95165,2013-05-27.4514134,bb,2.11,14.027,8.143,0.004,2120.022,7.393
2456447.86773,2013-06-04.3677627,bb,2.03,13.747,7.987,0.003,2449.773,7.373
2456447.86911,2013-06-04.3691417,bb,2.06,13.734,7.974,0.003,2480.235,7.917
2456447.96571,2013-06-04.4657494,bb,2.01,13.803,8.044,0.004,2325.247,8.018
2456447.96726,2013-06-04.4673054,bb,2.07,13.783,8.028,0.004,2358.857,7.892
2456451.85468,2013-06-08.3548561,bb,1.73,13.848,8.089,0.004,2229.980,7.381
2456451.85605,2013-06-08.3562332,bb,1.73,13.849,8.089,0.003,2229.434,6.600
2456452.85552,2013-06-09.3557334,bb,1.70,13.756,8.016,0.004,2384.362,8.275
2456452.85691,2013-06-09.3571160,bb,1.69,13.772,8.014,0.003,2390.178,7.405
2456457.83998,2013-06-14.3403564,bb,1.83,13.801,8.027,0.003,2359.841,6.942
2456457.84135,2013-06-14.3417336,bb,1.84,13.816,8.049,0.003,2314.946,7.232
2456457.85136,2013-06-14.3517373,bb,1.75,13.716,7.958,0.004,2514.712,8.372
2456457.85273,2013-06-14.3531060,bb,1.77,13.682,7.937,0.003,2564.745,7.991
2456461.84122,2013-06-18.3417303,bb,2.10,13.689,7.909,0.004,2631.876,9.621
2456461.84260,2013-06-18.3431092,bb,2.06,13.676,7.874,0.004,2719.227,10.686
2456461.84693,2013-06-18.3474450,bb,2.05,13.771,8.003,0.004,2415.550,9.922
2456461.84831,2013-06-18.3488219,bb,2.05,13.799,8.051,0.004,2308.520,9.009
2456464.84101,2013-06-21.3416155,bb,2.09,13.691,7.936,0.004,2568.025,10.532
2456464.84239,2013-06-21.3429961,bb,2.06,13.671,7.898,0.004,2659.315,9.356
2456464.85495,2013-06-21.3555659,bb,2.15,13.791,8.061,0.004,2287.512,8.458
2456464.85632,2013-06-21.3569344,bb,2.16,13.769,8.025,0.004,2366.644,9.678
2456470.88191,2013-06-27.3827159,bb,1.75,13.850,8.078,0.004,2252.890,7.740
2456470.88332,2013-06-27.3841202,bb,1.82,13.860,8.100,0.004,2207.291,7.450
2456470.88755,2013-06-27.3883564,bb,1.79,13.793,8.024,0.003,2365.779,6.746
2456470.88894,2013-06-27.3897420,bb,1.82,13.784,8.014,0.003,2389.696,7.470
2456475.84141,2013-07-02.3423635,bb,2.06,13.807,8.037,0.004,2339.730,8.805
2456475.84278,2013-07-02.3437319,bb,2.07,13.816,8.054,0.004,2302.182,8.183
2456475.84977,2013-07-02.3507273,bb,2.05,13.746,7.991,0.003,2442.490,6.744
2456475.85115,2013-07-02.3521064,bb,2.07,13.720,7.940,0.003,2559.971,8.004
2456480.81644,2013-07-07.3175380,bb,1.73,13.603,7.885,0.004,2690.902,9.066
2456480.81782,2013-07-07.3189201,bb,1.70,13.640,7.919,0.004,2607.184,8.848
2456480.88344,2013-07-07.3845450,bb,1.63,13.869,8.197,0.006,2018.458,11.035
2456480.88482,2013-07-07.3859224,bb,1.69,13.868,8.134,0.004,2140.264,7.050
2456485.78295,2013-07-12.2841922,bb,2.06,13.718,7.925,0.004,2593.215,8.457
2456485.78432,2013-07-12.2855584,bb,2.08,13.693,7.873,0.003,2721.622,7.664
2456485.78868,2013-07-12.2899211,bb,2.03,13.825,8.060,0.004,2288.810,8.331
2456485.79005,2013-07-12.2912962,bb,2.04,13.825,8.065,0.004,2279.717,7.764
2456489.78980,2013-07-16.2911461,bb,2.11,13.663,7.902,0.003,2648.464,8.570
2456489.79117,2013-07-16.2925149,bb,2.05,13.706,8.000,0.004,2419.881,8.563
2456489.79258,2013-07-16.2939225,bb,2.10,13.753,8.022,0.004,2371.983,9.395
2456489.79396,2013-07-16.2953059,bb,2.09,13.754,8.009,0.004,2401.283,9.872
2456490.77806,2013-07-17.2794356,bb,2.28,13.621,7.823,0.005,2847.028,12.114
2456490.77943,2013-07-17.2808037,bb,2.24,13.610,7.800,0.004,2912.409,10.158
2456494.79681,2013-07-21.2982840,bb,1.81,13.867,8.168,0.004,2073.432,6.802
2456494.79818,2013-07-21.2996556,bb,1.76,13.856,8.130,0.004,2147.879,7.956
2456494.85784,2013-07-21.3593148,bb,1.80,13.736,7.966,0.003,2497.197,7.877
2456494.85922,2013-07-21.3606972,bb,1.79,13.788,8.064,0.005,2281.750,9.573
2456509.77223,2013-08-05.2740010,bb,2.07,13.695,7.897,0.003,2662.162,8.323
2456509.77413,2013-08-05.2759141,bb,2.07,13.733,7.969,0.004,2491.469,8.688
2456509.77641,2013-08-05.2781835,bb,2.07,13.785,8.007,0.004,2405.274,8.494
2456509.77873,2013-08-05.2805068,bb,2.02,13.802,8.043,0.004,2327.300,8.484
2456512.76919,2013-08-08.2710144,bb,2.10,13.660,7.866,0.003,2737.685,8.027
2456512.77078,2013-08-08.2726046,bb,2.08,13.658,7.873,0.003,2721.164,8.355
2456516.75994,2013-08-12.2618271,bb,2.48,13.737,8.008,0.005,2403.250,11.489
2456516.76131,2013-08-12.2631912,bb,2.39,13.739,7.998,0.005,2424.151,11.156
2456520.75890,2013-08-16.2608341,bb,2.36,13.728,7.992,0.005,2438.001,11.028
2456520.76027,2013-08-16.2622046,bb,2.26,13.710,7.949,0.005,2536.665,10.769
2456522.74852,2013-08-18.2504667,bb,2.20,13.646,7.953,0.004,2527.686,9.728
2456522.74988,2013-08-18.2518297,bb,2.17,13.596,7.830,0.004,2829.497,9.836
2456534.72436,2013-08-30.2263909,bb,2.30,13.606,7.895,0.006,2667.296,13.712
2456534.72572,2013-08-30.2277528,bb,2.30,13.581,7.818,0.005,2862.015,14.198
2456536.73151,2013-09-01.2335446,bb,2.43,13.141,7.538,0.008,3703.522,28.529
2456536.73288,2013-09-01.2349167,bb,2.31,12.966,7.497,0.011,3845.475,38.873
2456537.72103,2013-09-02.2230681,bb,2.43,13.575,7.945,0.009,2548.030,20.441
2456683.03070,2014-01-25.5291215,bb,1.75,13.777,8.006,0.005,2406.206,11.340
2456683.03259,2014-01-25.5310111,bb,1.71,13.763,7.971,0.005,2486.819,11.855
2456684.03183,2014-01-26.5302337,bb,2.10,13.741,7.938,0.005,2562.426,11.977
2456684.03401,2014-01-26.5324141,bb,2.10,13.737,7.935,0.005,2570.206,11.376
2456701.97302,2014-02-13.4711334,bb,2.05,13.251,8.077,0.014,2255.490,29.411
2456736.87202,2014-03-20.3696951,bb,1.77,13.727,7.965,0.004,2499.352,9.831
2456736.87333,2014-03-20.3710053,bb,1.79,13.721,7.949,0.005,2536.677,11.029
2456741.11683,2014-03-24.6145425,bb,2.24,13.709,7.932,0.003,2576.449,7.636
2456741.11816,2014-03-24.6158804,bb,2.24,13.701,7.922,0.003,2601.108,7.202
2456743.96698,2014-03-27.4647383,bb,2.22,13.697,7.904,0.004,2644.744,9.153
2456743.96831,2014-03-27.4660714,bb,2.20,13.724,7.953,0.004,2528.728,9.014
2456756.02639,2014-04-08.5243406,bb,2.26,13.412,7.856,0.006,2765.065,14.630
2456756.02784,2014-04-08.5257910,bb,2.09,13.366,7.956,0.005,2520.362,10.894
2456756.82158,2014-04-09.3195479,bb,1.72,13.723,7.975,0.005,2476.343,10.691
2456756.82288,2014-04-09.3208534,bb,1.72,13.709,7.953,0.004,2526.920,10.373
2456758.95124,2014-04-11.4492519,bb,1.69,13.797,8.020,0.004,2375.608,9.649
2456758.95255,2014-04-11.4505731,bb,1.79,13.802,8.028,0.005,2359.053,10.011
2456766.95058,2014-04-19.4487732,bb,1.66,99.990,99.990,99.990,99.990,99.990
2456771.94376,2014-04-24.4420868,bb,2.06,13.820,8.082,0.004,2244.562,7.983
2456771.94524,2014-04-24.4435722,bb,2.00,13.788,8.001,0.004,2417.192,9.577
2456781.91160,2014-05-04.4102135,bb,1.70,13.691,7.915,0.004,2617.959,8.567
2456781.91294,2014-05-04.4115472,bb,1.76,13.706,7.922,0.004,2600.976,9.804
2456782.77850,2014-05-05.2771371,bb,1.70,13.764,8.012,0.005,2394.114,10.156
2456782.77985,2014-05-05.2784886,bb,1.68,13.750,7.987,0.004,2449.299,9.241
2456785.91457,2014-05-08.4133024,bb,1.62,13.782,7.994,0.004,2433.903,8.927
2456785.91591,2014-05-08.4146427,bb,1.69,13.785,8.002,0.004,2416.303,8.241
2456788.89076,2014-05-11.3895782,bb,2.00,13.732,7.924,0.004,2595.047,10.308
2456788.89209,2014-05-11.3909136,bb,2.00,13.766,7.998,0.004,2424.831,8.346
2456796.01230,2014-05-18.5113496,bb,1.63,13.783,8.029,0.004,2356.731,7.720
2456796.01362,2014-05-18.5126771,bb,1.70,13.794,8.045,0.004,2321.670,8.822
2456797.90437,2014-05-20.4034854,bb,1.80,13.760,7.937,0.003,2565.057,8.099
2456797.90574,2014-05-20.4048542,bb,1.74,13.775,7.973,0.003,2483.155,7.834
2456799.95045,2014-05-22.4496365,bb,1.76,13.739,7.899,0.004,2656.672,8.603
2456799.95182,2014-05-22.4509991,bb,1.71,13.753,7.935,0.003,2570.089,6.961
2456801.87983,2014-05-24.3790788,bb,1.72,13.777,7.990,0.003,2442.607,7.880
2456801.88118,2014-05-24.3804292,bb,1.65,13.796,8.026,0.004,2363.291,7.874
2456803.89384,2014-05-26.3931582,bb,1.72,13.659,7.971,0.004,2486.630,8.806
2456803.89524,2014-05-26.3945534,bb,1.70,13.700,7.973,0.004,2480.369,9.440
2456807.90045,2014-05-30.3999009,bb,1.99,13.737,7.938,0.003,2562.323,6.775
2456807.90178,2014-05-30.4012380,bb,1.99,13.727,7.920,0.003,2604.568,6.671
2456811.89542,2014-06-03.3950122,bb,1.71,13.758,7.948,0.003,2538.112,7.713
2456811.89675,2014-06-03.3963462,bb,1.73,13.780,7.997,0.003,2428.883,6.598
2456813.85545,2014-06-05.3551069,bb,1.97,13.458,7.990,0.004,2442.445,10.075
2456813.85679,2014-06-05.3564446,bb,1.81,13.407,7.876,0.004,2713.924,10.666
2456816.87377,2014-06-08.3735317,bb,1.81,13.775,7.991,0.004,2441.834,7.915
2456816.87515,2014-06-08.3749116,bb,1.77,13.781,8.009,0.003,2401.247,6.516
2456817.85525,2014-06-09.3550428,bb,1.87,13.757,7.961,0.003,2508.744,7.644
2456817.85658,2014-06-09.3563800,bb,2.01,13.762,7.973,0.004,2481.397,8.076
2456818.85457,2014-06-10.3543954,bb,1.77,13.784,8.009,0.003,2400.134,7.472
2456818.85597,2014-06-10.3557944,bb,1.67,13.790,8.019,0.003,2377.615,7.347
2456819.85808,2014-06-11.3579417,bb,1.79,13.789,8.019,0.004,2378.411,8.924
2456819.85947,2014-06-11.3593312,bb,1.80,13.812,8.066,0.004,2279.496,8.253
2456822.94723,2014-06-14.4471940,bb,2.20,13.732,8.004,0.004,2412.663,9.833
2456822.94863,2014-06-14.4486045,bb,2.20,13.681,7.907,0.004,2635.939,9.549
2456826.92914,2014-06-18.4292400,bb,2.14,13.716,7.938,0.003,2562.412,7.134
2456826.93057,2014-06-18.4306723,bb,2.20,13.737,7.977,0.003,2470.434,7.120
2456828.87244,2014-06-20.3726017,bb,2.27,13.681,7.898,0.003,2659.509,8.590
2456828.87387,2014-06-20.3740324,bb,2.23,13.696,7.891,0.003,2676.612,7.877
2456832.84911,2014-06-24.3494006,bb,1.77,13.764,7.990,0.003,2442.209,6.569
2456832.85052,2014-06-24.3508182,bb,1.76,13.770,8.003,0.003,2414.719,7.019
2456835.92408,2014-06-27.4244703,bb,1.65,13.748,7.980,0.003,2463.798,7.444
2456835.92552,2014-06-27.4259123,bb,1.66,13.741,7.970,0.003,2487.384,7.672
2456846.81866,2014-07-08.3193784,bb,1.68,13.763,7.992,0.004,2439.289,9.217
2456846.82006,2014-07-08.3207849,bb,1.66,13.766,7.995,0.004,2430.723,9.454
2456847.91968,2014-07-09.4204292,bb,1.78,13.730,8.024,0.004,2369.251,8.269
2456847.92111,2014-07-09.4218652,bb,1.71,13.707,7.974,0.004,2477.909,8.781
2456851.80724,2014-07-13.3081015,bb,1.72,13.757,7.975,0.004,2476.748,8.626
2456851.80866,2014-07-13.3095231,bb,1.71,13.761,7.996,0.004,2429.857,10.004
2456853.88381,2014-07-15.3847266,bb,2.08,13.605,7.940,0.005,2557.812,12.342
2456853.88521,2014-07-15.3861265,bb,2.17,13.607,7.933,0.005,2575.533,11.040
2456862.78529,2014-07-24.2864170,bb,1.74,13.741,7.952,0.003,2530.656,6.892
2456862.78680,2014-07-24.2879240,bb,1.74,13.752,7.975,0.003,2475.598,7.210
2456865.79452,2014-07-27.2957251,bb,1.71,13.784,8.022,0.003,2373.329,6.429
2456865.79603,2014-07-27.2972261,bb,1.75,13.756,7.975,0.003,2476.575,6.477
2456867.79279,2014-07-29.2940218,bb,1.67,13.742,7.945,0.003,2546.778,7.555
2456867.79452,2014-07-29.2957557,bb,1.73,13.732,7.930,0.003,2580.260,7.374
2456869.77234,2014-07-31.2736168,bb,1.63,13.589,7.930,0.003,2581.196,8.263
2456869.77375,2014-07-31.2750204,bb,1.69,13.468,7.898,0.003,2658.279,6.969
2456873.76589,2014-08-04.2672416,bb,1.75,13.698,7.992,0.004,2438.986,8.357
2456873.76732,2014-08-04.2686658,bb,1.75,13.644,7.905,0.004,2642.113,9.994
2456874.76907,2014-08-05.2704396,bb,2.04,13.702,7.923,0.004,2597.663,8.975
2456874.77128,2014-08-05.2726445,bb,1.74,13.716,7.941,0.004,2555.869,8.974
2456875.77789,2014-08-06.2792752,bb,2.06,13.682,7.889,0.004,2681.401,9.093
2456875.77979,2014-08-06.2811719,bb,2.01,13.719,7.951,0.004,2533.325,9.095
2456881.82721,2014-08-12.3286879,bb,1.79,13.726,7.997,0.004,2428.869,8.450
2456881.82858,2014-08-12.3300576,bb,1.66,13.748,8.045,0.004,2323.371,9.485
2456882.74891,2014-08-13.2503927,bb,1.66,13.728,7.931,0.003,2578.195,7.245
2456882.75030,2014-08-13.2517807,bb,1.75,13.720,7.916,0.003,2616.089,8.030
2456884.74901,2014-08-15.2505185,bb,1.79,13.741,7.975,0.003,2475.258,7.246
2456884.75066,2014-08-15.2521652,bb,1.79,13.737,7.978,0.003,2469.218,7.756
2456886.75332,2014-08-17.2548490,bb,1.74,13.735,7.967,0.003,2496.241,7.111
2456886.75491,2014-08-17.2564478,bb,1.73,13.717,7.932,0.003,2574.966,7.298
2456887.75108,2014-08-18.2526163,bb,1.65,13.746,7.972,0.003,2482.281,7.494
2456887.75257,2014-08-18.2541129,bb,1.68,13.751,7.987,0.003,2450.317,6.927
2456890.73900,2014-08-21.2405699,bb,1.70,13.731,7.955,0.003,2523.249,7.924
2456890.74039,2014-08-21.2419608,bb,1.68,13.723,7.936,0.004,2566.076,8.580
2456894.73671,2014-08-25.2383093,bb,1.70,13.721,7.935,0.003,2569.938,8.148
2456894.73812,2014-08-25.2397218,bb,1.65,13.741,7.976,0.004,2474.687,8.431
2456897.72906,2014-08-28.2306782,bb,1.71,13.742,8.015,0.004,2386.958,9.301
2456897.73048,2014-08-28.2320984,bb,1.70,13.740,7.997,0.004,2426.136,9.065
2456899.76935,2014-08-30.2709708,bb,1.78,13.666,7.891,0.003,2674.886,7.882
2456899.77080,2014-08-30.2724196,bb,1.83,13.670,7.892,0.003,2672.787,8.302
2456904.72453,2014-09-04.2261636,bb,1.80,13.710,7.972,0.005,2483.106,12.598
2456904.72593,2014-09-04.2275578,bb,1.75,13.717,7.973,0.005,2480.568,11.052
2456905.72107,2014-09-05.2226959,bb,1.72,13.736,8.058,0.006,2295.615,12.399
2456905.72258,2014-09-05.2242076,bb,1.77,13.761,8.071,0.006,2268.060,11.605
2456908.73908,2014-09-08.2407116,bb,2.10,13.624,7.888,0.005,2684.449,13.418
2456908.74056,2014-09-08.2421961,bb,2.09,13.621,7.896,0.004,2662.736,11.007
2456916.71672,2014-09-16.2183160,bb,1.98,13.689,7.935,0.005,2571.305,11.914
2456916.71819,2014-09-16.2198160,bb,1.80,13.724,8.003,0.004,2414.779,9.623
2456921.71350,2014-09-21.2150515,bb,1.81,13.721,8.000,0.005,2420.590,11.476
2456921.71500,2014-09-21.2165511,bb,1.77,13.704,7.950,0.005,2535.060,10.936
2456922.71010,2014-09-22.2116366,bb,1.84,13.719,8.032,0.006,2351.240,12.254
2456922.71152,2014-09-22.2130567,bb,1.79,13.691,7.957,0.004,2519.656,9.525
2456993.16033,2014-12-01.6600465,bb,1.64,13.702,7.989,0.005,2445.570,10.956
2456993.16182,2014-12-01.6615422,bb,1.65,13.710,8.003,0.005,2415.730,10.548
2457003.14396,2014-12-11.6433365,bb,2.11,13.687,7.967,0.004,2494.466,8.956
2457003.14537,2014-12-11.6447438,bb,2.09,13.667,7.935,0.004,2568.829,9.318
2457004.14430,2014-12-12.6436371,bb,2.07,13.691,7.961,0.004,2509.673,8.308
2457011.15210,2014-12-19.6511892,bb,2.16,13.665,7.916,0.004,2614.701,8.666
2457011.15356,2014-12-19.6526513,bb,2.13,13.684,7.947,0.004,2539.546,8.347
2457030.13195,2015-01-07.6304280,bb,2.11,13.674,7.958,0.005,2516.435,10.507
2457031.12856,2015-01-08.6270197,bb,1.63,13.716,7.982,0.004,2460.544,10.237
2457035.12975,2015-01-12.6280957,bb,1.85,13.707,7.973,0.005,2481.917,10.389
2457035.13114,2015-01-12.6294877,bb,1.80,13.702,7.963,0.004,2505.298,10.014
2457036.13082,2015-01-13.6291339,bb,1.99,13.712,7.964,0.004,2500.358,8.452
2457039.12354,2015-01-16.6217798,bb,2.12,13.672,7.920,0.003,2605.972,6.833
2457039.12494,2015-01-16.6231744,bb,2.21,13.687,7.949,0.003,2534.964,6.937
2457041.10780,2015-01-18.6059862,bb,1.72,13.702,7.961,0.004,2508.715,8.911
2457041.10922,2015-01-18.6074023,bb,1.73,13.712,7.969,0.004,2489.943,9.344
2457045.11779,2015-01-22.6158773,bb,1.68,13.716,7.953,0.003,2528.125,7.908
2457045.11918,2015-01-22.6172666,bb,1.74,13.735,7.995,0.004,2430.310,8.064
2457048.09231,2015-01-25.5903293,bb,2.09,13.693,7.940,0.004,2557.662,8.359
2457048.09371,2015-01-25.5917349,bb,2.04,13.698,7.949,0.003,2538.225,8.222
2457051.09615,2015-01-28.5941114,bb,1.71,13.706,7.949,0.003,2538.062,8.009
2457053.08546,2015-01-30.5833777,bb,2.35,13.630,7.867,0.003,2736.859,8.302
2457053.08684,2015-01-30.5847607,bb,2.39,13.658,7.922,0.003,2601.380,8.305
2457056.09955,2015-02-02.5974168,bb,1.82,13.732,7.989,0.005,2444.752,10.480
2457056.10117,2015-02-02.5990349,bb,1.69,13.720,7.979,0.005,2465.935,10.483
2457062.02427,2015-02-08.5220416,bb,1.75,13.675,7.932,0.004,2576.052,9.163
2457062.02572,2015-02-08.5234932,bb,1.73,13.690,7.953,0.005,2526.993,10.832
2457069.01721,2015-02-15.5148923,bb,2.03,13.670,7.938,0.004,2562.192,9.427
2457069.01877,2015-02-15.5164469,bb,2.11,13.651,7.926,0.004,2589.792,9.118
2457072.04468,2015-02-18.5423287,bb,1.73,13.693,7.918,0.004,2610.648,8.814
2457072.04609,2015-02-18.5437362,bb,1.70,13.716,7.959,0.004,2511.861,8.553
2457077.03169,2015-02-23.5292898,bb,1.70,13.728,8.008,0.004,2404.298,9.272
2457077.03309,2015-02-23.5306938,bb,1.74,13.694,7.944,0.004,2548.989,9.989
2457081.01960,2015-02-27.5172043,bb,1.74,13.718,7.984,0.004,2456.473,8.673
2457081.02106,2015-02-27.5186622,bb,1.69,13.726,7.999,0.004,2422.153,8.843
2457085.03077,2015-03-03.5283611,bb,2.00,13.683,7.985,0.004,2453.902,9.416
2457085.03218,2015-03-03.5297781,bb,2.06,13.695,8.002,0.004,2416.210,9.525
2457095.06607,2015-03-13.5636883,bb,1.70,13.670,7.938,0.004,2561.646,9.727
2457095.06763,2015-03-13.5652511,bb,1.78,13.678,7.955,0.004,2521.310,8.849
2457097.00931,2015-03-15.5069385,bb,1.68,13.723,8.013,0.004,2391.462,9.664
2457097.01084,2015-03-15.5084693,bb,1.66,13.712,7.994,0.004,2434.744,8.752
2457100.15855,2015-03-18.6566127,bb,1.63,13.694,7.970,0.004,2488.217,9.284
2457100.16015,2015-03-18.6582092,bb,1.73,13.734,8.076,0.006,2256.646,11.951
2457101.00964,2015-03-19.5077224,bb,1.67,13.714,7.968,0.004,2492.404,8.858
2457101.01118,2015-03-19.5092601,bb,1.64,13.696,7.931,0.004,2580.644,10.626
2457103.94272,2015-03-22.4408299,bb,1.61,13.698,7.981,0.004,2462.331,9.755
2457103.94433,2015-03-22.4424392,bb,1.66,13.679,7.941,0.004,2555.956,9.591
2457106.93756,2015-03-25.4357001,bb,1.66,13.683,7.988,0.004,2447.688,8.595
2457106.93918,2015-03-25.4373237,bb,1.66,13.693,8.004,0.004,2411.562,8.664
2457110.89663,2015-03-29.3948324,bb,1.64,13.676,7.942,0.004,2554.302,9.785
2457110.89821,2015-03-29.3963982,bb,1.77,13.693,7.970,0.004,2488.469,9.113
2457114.88715,2015-04-02.3853969,bb,1.77,13.660,7.975,0.004,2476.737,9.690
2457114.88867,2015-04-02.3869203,bb,1.78,13.691,8.025,0.005,2364.668,10.325
2457116.99346,2015-04-04.4917552,bb,1.63,13.686,7.949,0.004,2536.129,8.903
2457116.99503,2015-04-04.4933238,bb,1.70,13.709,7.990,0.004,2442.870,8.960
2457119.00327,2015-04-06.5016020,bb,1.70,13.697,8.002,0.004,2417.002,8.135
2457119.00483,2015-04-06.5031561,bb,1.76,13.688,7.975,0.004,2478.428,8.734
2457122.08744,2015-04-09.5858331,bb,1.71,13.679,7.935,0.003,2568.489,7.513
2457122.08905,2015-04-09.5874429,bb,1.69,13.678,7.935,0.003,2571.170,7.526
2457122.91836,2015-04-10.4167693,bb,1.71,13.705,7.986,0.004,2450.554,8.512
2457122.91998,2015-04-10.4183881,bb,1.67,13.706,7.992,0.004,2437.126,9.088
2457124.97621,2015-04-12.4746628,bb,1.76,13.687,7.924,0.003,2594.938,8.156
2457124.97778,2015-04-12.4762266,bb,1.68,13.702,7.958,0.003,2515.822,7.998
2457127.96022,2015-04-15.4587306,bb,1.65,13.706,7.985,0.004,2456.390,8.148
2457127.96177,2015-04-15.4602813,bb,1.67,13.697,7.953,0.004,2528.392,9.011
2457132.91681,2015-04-20.4154422,bb,1.79,13.697,7.959,0.004,2513.671,8.245
2457132.91843,2015-04-20.4170642,bb,1.67,13.676,7.920,0.004,2605.299,9.800
2457136.85020,2015-04-24.3489348,bb,1.74,13.549,7.968,0.005,2492.676,11.621
2457136.85176,2015-04-24.3504908,bb,1.70,13.568,7.996,0.005,2429.669,10.775
2457137.84710,2015-04-25.3458583,bb,1.82,13.658,7.933,0.004,2573.822,10.036
2457137.84870,2015-04-25.3474631,bb,1.68,13.662,7.916,0.004,2616.713,10.334
2457138.96839,2015-04-26.4671688,bb,1.67,13.704,7.938,0.004,2562.541,8.359
2457138.96996,2015-04-26.4687396,bb,1.65,13.704,7.939,0.003,2560.849,7.798
2457145.79189,2015-05-03.2908622,bb,1.68,13.679,8.027,0.004,2361.470,9.153
2457145.79346,2015-05-03.2924288,bb,1.63,13.674,8.001,0.005,2417.444,11.322
2457148.99189,2015-05-06.4909623,bb,1.69,13.699,7.984,0.004,2457.954,9.986
2457148.99340,2015-05-06.4924717,bb,1.67,13.675,7.942,0.004,2553.198,10.130
2457149.88969,2015-05-07.3887877,bb,1.80,13.584,7.960,0.006,2511.884,14.406
2457149.89124,2015-05-07.3903417,bb,1.73,13.561,7.978,0.004,2468.806,10.059
2457152.04107,2015-05-09.5402290,bb,1.86,13.239,7.860,0.005,2754.101,12.408
2457152.04272,2015-05-09.5418829,bb,1.80,13.121,7.855,0.008,2765.012,18.990
2457155.86586,2015-05-13.3651422,bb,1.59,13.568,7.978,0.004,2469.774,8.374
2457155.86814,2015-05-13.3674195,bb,1.74,13.172,7.860,0.005,2752.847,12.888
2457156.84361,2015-05-14.3429277,bb,1.75,13.665,7.938,0.003,2563.737,8.247
2457156.84521,2015-05-14.3445233,bb,1.68,13.674,7.955,0.004,2522.790,9.030
2457160.89963,2015-05-18.3990755,bb,1.73,13.691,7.941,0.004,2554.345,9.065
2457160.90122,2015-05-18.4006722,bb,1.59,13.710,7.983,0.003,2459.707,7.486
2457164.85590,2015-05-22.3554864,bb,1.66,13.698,7.967,0.004,2496.162,9.042
2457164.85750,2015-05-22.3570873,bb,1.68,13.691,7.956,0.004,2519.429,8.346
2457167.88246,2015-05-25.3821674,bb,1.69,13.716,7.984,0.004,2455.162,9.568
2457167.88406,2015-05-25.3837625,bb,2.24,13.597,7.832,0.004,2824.463,9.671
2457171.93925,2015-05-29.4390759,bb,1.66,13.726,8.019,0.003,2378.661,7.430
2457171.94078,2015-05-29.4406045,bb,1.64,13.694,7.955,0.003,2522.958,8.145
2457177.95911,2015-06-04.4591562,bb,1.73,13.709,8.015,0.004,2388.202,8.962
2457177.96068,2015-06-04.4607237,bb,1.62,13.702,8.003,0.004,2413.078,9.641
2457178.85956,2015-06-05.3596363,bb,1.80,13.713,8.014,0.004,2390.181,8.464
2457178.86120,2015-06-05.3612783,bb,1.66,13.704,8.003,0.004,2414.138,8.068
2457183.84261,2015-06-10.3428561,bb,1.68,13.700,7.978,0.003,2470.617,6.877
2457183.84420,2015-06-10.3444376,bb,1.72,13.731,8.035,0.004,2343.163,8.030
2457188.90664,2015-06-15.4070599,bb,1.67,13.617,7.923,0.003,2599.564,7.536
2457188.90823,2015-06-15.4086516,bb,1.69,13.585,7.951,0.003,2531.465,7.859
2457190.81959,2015-06-17.3200766,bb,2.25,12.765,7.603,0.005,3491.213,17.061
2457190.82111,2015-06-17.3215899,bb,2.20,12.662,7.602,0.006,3491.273,20.158
2457193.92049,2015-06-20.4210636,bb,1.74,13.678,7.950,0.003,2535.017,7.552
2457193.92205,2015-06-20.4226143,bb,1.81,13.683,7.958,0.003,2516.514,7.439
2457196.77652,2015-06-23.2771836,bb,1.80,13.679,7.918,0.004,2610.220,8.463
2457196.77803,2015-06-23.2786975,bb,1.84,13.697,7.955,0.004,2523.056,8.588
2457199.86693,2015-06-26.3677061,bb,1.63,13.693,7.961,0.004,2509.873,8.789
2457199.86845,2015-06-26.3692216,bb,1.63,13.682,7.941,0.004,2557.251,9.103
2457204.87764,2015-07-01.3785488,bb,1.70,13.702,8.011,0.005,2396.527,10.340
2457204.87916,2015-07-01.3800688,bb,1.68,13.701,8.012,0.004,2393.665,9.188
2457206.88615,2015-07-03.3871186,bb,1.69,13.688,8.058,0.004,2295.483,9.164
2457206.88770,2015-07-03.3886762,bb,1.63,13.641,7.976,0.004,2475.583,9.166
2457210.79701,2015-07-07.2980951,bb,1.75,13.706,7.995,0.004,2432.408,8.164
2457210.79859,2015-07-07.2996726,bb,1.71,13.682,7.952,0.004,2529.387,8.290
2457212.78102,2015-07-09.2821615,bb,1.98,13.683,7.938,0.004,2562.042,10.163
2457212.78259,2015-07-09.2837298,bb,1.81,13.691,7.956,0.004,2520.232,8.458
2457217.82348,2015-07-14.3247618,bb,1.80,13.662,7.937,0.004,2565.382,9.345
2457217.82499,2015-07-14.3262693,bb,1.79,13.668,7.959,0.004,2513.743,9.163
2457222.79586,2015-07-19.2972696,bb,1.73,13.706,8.001,0.003,2419.023,7.559
2457222.79734,2015-07-19.2987466,bb,1.70,13.688,7.966,0.004,2499.395,8.296
2457227.78651,2015-07-24.2880390,bb,1.98,13.652,7.926,0.004,2590.798,9.247
2457227.78794,2015-07-24.2894710,bb,2.00,13.663,7.944,0.004,2547.825,9.149
2457232.81093,2015-07-29.3125696,bb,1.90,13.269,7.983,0.014,2458.590,32.606
2457232.81235,2015-07-29.3139842,bb,1.87,12.971,7.877,0.002,2709.867,5.519
2457233.80501,2015-07-30.3066673,bb,2.02,13.684,7.943,0.005,2549.054,11.157
2457233.80646,2015-07-30.3081190,bb,2.05,13.719,8.011,0.005,2395.654,11.162
2457235.76021,2015-08-01.2618989,bb,2.00,13.720,7.979,0.005,2466.521,11.009
2457235.76165,2015-08-01.2633429,bb,1.98,13.705,7.941,0.005,2553.785,11.324
2457240.78617,2015-08-06.2879579,bb,1.85,13.695,7.937,0.003,2564.405,7.835
2457240.78756,2015-08-06.2893418,bb,1.79,13.677,7.895,0.004,2664.264,10.254
2457243.77411,2015-08-09.2759461,bb,1.98,13.691,7.955,0.003,2523.870,7.119
2457243.77551,2015-08-09.2773479,bb,2.02,13.672,7.915,0.004,2616.673,8.533
2457245.76698,2015-08-11.2688361,bb,2.06,13.655,7.886,0.004,2687.717,10.110
2457245.76838,2015-08-11.2702423,bb,2.00,13.675,7.920,0.004,2605.228,9.157
2457247.76330,2015-08-13.2651872,bb,2.12,13.507,7.951,0.004,2532.325,10.083
2457247.76473,2015-08-13.2666171,bb,2.13,13.470,7.945,0.005,2546.455,12.627
2457250.75286,2015-08-16.2547790,bb,2.15,13.533,7.922,0.005,2600.331,11.570
2457250.75429,2015-08-16.2562149,bb,2.20,13.596,7.935,0.005,2570.426,11.012
2457255.74082,2015-08-21.2427881,bb,1.72,13.691,7.954,0.004,2523.760,10.015
2457255.74222,2015-08-21.2441909,bb,1.83,13.704,7.970,0.004,2488.420,8.946
2457255.74366,2015-08-21.2456339,bb,1.85,13.715,7.998,0.004,2424.710,9.040
2457370.16779,2015-12-13.6675024,bb,1.71,13.695,8.037,0.004,2341.094,9.175
2457370.16904,2015-12-13.6687530,bb,1.85,13.706,8.057,0.005,2297.139,10.707
2457370.17030,2015-12-13.6700098,bb,1.92,13.716,8.095,0.005,2217.489,10.302
2457373.15736,2015-12-16.6569674,bb,2.02,13.646,7.936,0.003,2567.158,8.064
2457373.15869,2015-12-16.6583030,bb,2.14,13.590,7.867,0.004,2736.758,9.050
2457373.15996,2015-12-16.6595672,bb,2.06,13.647,7.945,0.004,2547.168,9.662
2457388.13158,2015-12-31.6306957,bb,1.61,13.678,7.977,0.004,2473.390,9.697
2457388.13284,2015-12-31.6319482,bb,1.62,13.672,7.973,0.004,2482.619,8.637
2457388.13409,2015-12-31.6332031,bb,1.65,13.698,8.013,0.004,2391.195,9.332
2457393.14719,2016-01-05.6461442,bb,2.07,13.665,7.945,0.004,2547.110,10.596
2457393.14844,2016-01-05.6473981,bb,2.09,13.663,7.950,0.005,2534.792,10.972
2457393.14969,2016-01-05.6486497,bb,2.09,13.661,7.947,0.004,2543.332,10.023
2457397.11678,2016-01-09.6156175,bb,1.71,13.696,7.977,0.004,2472.329,8.253
2457397.11802,2016-01-09.6168564,bb,1.74,13.695,7.976,0.004,2475.027,8.473
2457397.11927,2016-01-09.6181090,bb,1.71,13.705,7.991,0.004,2439.619,9.809
2457399.11774,2016-01-11.6165255,bb,1.67,13.678,7.948,0.004,2537.905,8.556
2457399.11900,2016-01-11.6177837,bb,1.72,13.676,7.941,0.004,2557.309,9.578
2457399.12025,2016-01-11.6190340,bb,1.73,13.682,7.953,0.004,2526.152,8.965
2457402.09623,2016-01-14.5949373,bb,1.84,13.671,7.936,0.004,2569.477,8.659
2457402.09748,2016-01-14.5961909,bb,1.96,13.683,7.953,0.004,2526.477,8.486
2457402.09873,2016-01-14.5974321,bb,1.76,13.679,7.949,0.004,2536.648,9.314
2457405.08624,2016-01-17.5848620,bb,1.68,13.679,7.951,0.003,2531.344,8.119
2457405.08750,2016-01-17.5861203,bb,1.65,13.708,8.010,0.003,2399.424,7.714
2457405.08874,2016-01-17.5873615,bb,1.68,13.703,7.994,0.004,2435.135,8.915
2457409.08053,2016-01-21.5790582,bb,1.71,13.724,8.049,0.004,2313.827,8.425
2457409.08179,2016-01-21.5803118,bb,1.69,13.708,8.016,0.004,2385.203,9.398
2457409.08304,2016-01-21.5815642,bb,1.66,13.722,8.036,0.004,2342.966,9.309
2457411.06992,2016-01-23.5684009,bb,1.70,13.707,8.047,0.005,2317.815,10.153
2457411.07117,2016-01-23.5696557,bb,1.72,13.742,8.117,0.004,2174.224,8.546
2457411.07243,2016-01-23.5709093,bb,1.77,13.727,8.066,0.005,2278.606,10.590
2457413.07082,2016-01-25.5692586,bb,1.70,13.679,7.964,0.004,2500.904,9.596
2457413.07206,2016-01-25.5704997,bb,1.75,13.721,8.038,0.004,2337.062,9.679
2457413.07332,2016-01-25.5717509,bb,1.70,13.706,8.010,0.005,2397.837,10.698
2457415.07927,2016-01-27.5776681,bb,1.66,13.699,7.986,0.004,2452.696,10.021
2457415.08054,2016-01-27.5789307,bb,1.68,13.715,8.020,0.004,2374.904,9.015
2457415.08178,2016-01-27.5801751,bb,1.72,13.705,7.999,0.004,2420.903,9.942
2457417.15586,2016-01-29.6542082,bb,1.84,13.722,8.018,0.004,2382.021,9.507
2457417.15712,2016-01-29.6554725,bb,1.69,13.691,7.947,0.004,2540.295,8.490
2457417.15837,2016-01-29.6567229,bb,1.73,13.714,7.997,0.004,2425.893,9.934
2457420.07744,2016-02-01.5757393,bb,1.79,13.721,8.006,0.004,2408.837,9.210
2457420.07870,2016-02-01.5769932,bb,1.78,13.710,7.986,0.004,2452.810,8.108
2457420.07994,2016-02-01.5782378,bb,1.70,13.717,8.001,0.004,2419.031,9.008
2457423.10887,2016-02-04.6071062,bb,1.65,13.685,7.922,0.003,2601.839,8.344
2457423.11013,2016-02-04.6083687,bb,1.79,13.709,7.982,0.003,2460.830,6.882
2457423.11138,2016-02-04.6096266,bb,1.73,13.714,7.989,0.004,2445.893,8.268
2457425.04530,2016-02-06.5435144,bb,1.68,13.732,8.037,0.004,2339.841,7.880
2457425.04656,2016-02-06.5447674,bb,1.69,13.733,8.029,0.004,2355.514,8.682
2457425.04781,2016-02-06.5460217,bb,1.76,13.715,7.999,0.004,2421.960,8.266
2457429.02381,2016-02-10.5219607,bb,1.66,13.677,7.935,0.004,2570.014,8.668
2457429.02507,2016-02-10.5232258,bb,1.68,13.706,7.989,0.003,2445.123,7.609
2457429.02632,2016-02-10.5244700,bb,1.63,13.700,7.976,0.003,2473.581,7.708
2457437.00383,2016-02-18.5018991,bb,1.63,13.719,8.030,0.004,2356.036,9.654
2457437.00509,2016-02-18.5031547,bb,1.63,13.710,8.010,0.005,2396.686,10.833
2457437.00634,2016-02-18.5044017,bb,1.60,13.707,8.008,0.004,2403.336,9.515
2457439.99322,2016-02-21.4912612,bb,1.64,13.716,8.053,0.005,2306.288,10.226
2457439.99447,2016-02-21.4925120,bb,1.82,13.695,7.997,0.004,2427.891,9.734
2457439.99572,2016-02-21.4937658,bb,1.73,13.698,8.016,0.005,2384.797,10.474
2457441.99772,2016-02-23.4957409,bb,1.67,13.697,8.038,0.005,2338.369,10.999
2457441.99898,2016-02-23.4970087,bb,1.65,13.668,7.986,0.005,2453.032,10.605
2457442.00026,2016-02-23.4982847,bb,1.68,13.668,7.992,0.005,2437.827,11.707
2457443.05871,2016-02-24.5567324,bb,1.67,13.728,8.015,0.004,2386.387,9.833
2457443.05997,2016-02-24.5579988,bb,1.77,13.735,8.030,0.004,2355.113,9.669
2457443.06122,2016-02-24.5592469,bb,1.73,13.719,8.002,0.005,2416.330,10.320
2457445.11196,2016-02-26.6099777,bb,1.80,13.741,8.029,0.004,2357.801,7.873
2457445.11322,2016-02-26.6112311,bb,1.80,13.734,8.003,0.003,2413.746,7.550
2457445.11447,2016-02-26.6124839,bb,1.77,13.754,8.040,0.004,2333.334,8.647
2457447.06360,2016-02-28.5616128,bb,1.66,13.730,8.005,0.003,2409.221,7.391
2457447.06485,2016-02-28.5628636,bb,1.61,13.730,8.002,0.004,2415.898,8.856
2457449.04487,2016-03-01.5428687,bb,1.69,13.720,7.971,0.004,2484.323,8.341
2457449.04613,2016-03-01.5441306,bb,1.68,13.699,7.929,0.003,2583.796,8.335
2457449.04738,2016-03-01.5453875,bb,1.63,13.754,8.032,0.004,2349.067,8.488
2457451.06062,2016-03-03.5586187,bb,1.70,13.738,8.007,0.003,2403.343,7.567
2457451.06188,2016-03-03.5598824,bb,1.79,13.737,8.006,0.003,2408.563,6.914
2457451.06312,2016-03-03.5611207,bb,1.67,13.701,7.937,0.004,2565.457,8.922
2457452.95497,2016-03-05.4529766,bb,1.66,13.723,8.007,0.004,2403.878,8.842
2457452.95623,2016-03-05.4542285,bb,1.69,13.717,7.996,0.004,2430.645,8.493
2457452.95750,2016-03-05.4555050,bb,1.70,13.720,8.003,0.004,2415.077,8.918
2457455.94799,2016-03-08.4460018,bb,1.78,13.388,7.917,0.004,2614.497,10.085
2457455.94925,2016-03-08.4472535,bb,1.75,13.303,7.885,0.005,2691.743,12.741
2457455.95051,2016-03-08.4485182,bb,1.67,13.231,7.908,0.005,2634.045,10.645
2457457.94463,2016-03-10.4426468,bb,1.76,13.675,7.930,0.004,2580.068,8.378
2457457.94590,2016-03-10.4439133,bb,1.76,13.699,7.982,0.003,2460.395,7.352
2457457.94715,2016-03-10.4451688,bb,1.75,13.675,7.930,0.003,2582.880,8.201
2457460.93421,2016-03-13.4322384,bb,1.73,13.705,7.987,0.003,2449.383,7.907
2457460.93546,2016-03-13.4334872,bb,1.76,13.699,7.975,0.003,2475.189,7.519
2457460.93671,2016-03-13.4347395,bb,1.73,13.698,7.972,0.004,2481.765,8.641
2457464.92625,2016-03-17.4243100,bb,1.73,13.699,8.022,0.004,2371.281,8.449
2457464.92750,2016-03-17.4255563,bb,1.71,13.688,8.004,0.004,2410.021,8.676
2457464.92874,2016-03-17.4267989,bb,1.71,13.670,7.960,0.004,2510.375,8.773
2457466.06790,2016-03-18.5659677,bb,2.14,13.697,7.945,0.003,2546.298,7.441
2457466.91602,2016-03-19.4140881,bb,1.81,13.448,7.948,0.004,2538.500,10.058
2457466.91693,2016-03-19.4150054,bb,1.92,13.424,7.899,0.004,2655.143,9.936
2457466.91784,2016-03-19.4159112,bb,1.85,13.442,7.933,0.005,2576.719,11.795
2457471.98575,2016-03-24.4838740,bb,2.00,13.687,7.975,0.004,2476.487,10.200
2457471.98699,2016-03-24.4851187,bb,2.13,13.706,8.011,0.004,2396.209,8.956
2457476.97161,2016-03-29.4698084,bb,2.00,13.686,7.955,0.004,2522.350,9.330
2457476.97287,2016-03-29.4710641,bb,1.77,13.674,7.929,0.004,2585.408,9.089
2457476.97412,2016-03-29.4723196,bb,1.79,13.701,7.983,0.004,2457.442,8.253
2457479.00977,2016-03-31.5080008,bb,1.69,13.718,7.974,0.003,2479.971,7.691
2457479.01103,2016-03-31.5092563,bb,1.77,13.711,7.957,0.003,2518.667,7.791
2457479.01228,2016-03-31.5105075,bb,1.79,13.728,7.989,0.004,2444.804,8.043
2457479.94588,2016-04-01.4441252,bb,1.77,13.690,7.954,0.003,2524.281,8.070
2457479.94713,2016-04-01.4453756,bb,1.70,13.685,7.958,0.004,2516.734,8.859
2457481.94605,2016-04-03.4443259,bb,1.69,13.708,7.979,0.004,2469.076,8.395
2457481.94728,2016-04-03.4455600,bb,1.62,13.706,7.972,0.004,2482.635,8.626
2457483.87306,2016-04-05.3713671,bb,1.66,13.724,8.044,0.004,2324.736,7.917
2457483.87431,2016-04-05.3726197,bb,1.67,13.674,7.943,0.004,2549.892,9.236
2457483.87555,2016-04-05.3738653,bb,1.75,13.690,7.973,0.004,2482.653,10.315
2457488.01936,2016-04-09.5177509,bb,2.00,13.703,7.963,0.003,2505.647,6.938
2457488.02065,2016-04-09.5190399,bb,1.96,13.702,7.963,0.003,2504.030,6.855
2457488.02190,2016-04-09.5202939,bb,2.07,13.685,7.934,0.003,2572.634,6.660
2457490.85971,2016-04-12.3581652,bb,1.73,13.661,7.937,0.004,2565.315,9.706
2457490.86096,2016-04-12.3594178,bb,1.72,13.696,8.003,0.004,2414.717,8.816
2457490.86225,2016-04-12.3606983,bb,1.72,13.675,7.960,0.004,2512.442,8.329
2457491.96729,2016-04-13.4657662,bb,1.76,13.678,7.953,0.003,2528.880,7.615
2457491.96855,2016-04-13.4670212,bb,1.77,13.659,7.975,0.004,2478.728,8.136
2457491.96980,2016-04-13.4682739,bb,1.94,13.701,7.992,0.004,2438.972,9.077
2457494.83776,2016-04-16.3363041,bb,1.75,13.680,7.989,0.003,2445.436,7.841
2457494.83903,2016-04-16.3375658,bb,1.74,13.679,7.985,0.004,2453.437,9.165
2457494.84027,2016-04-16.3388091,bb,1.74,13.684,7.995,0.004,2432.725,8.609
2457496.08572,2016-04-17.5842912,bb,2.00,13.666,7.932,0.003,2575.481,6.708
2457496.08697,2016-04-17.5855444,bb,1.99,13.665,7.926,0.003,2592.535,7.504
2457496.08823,2016-04-17.5867979,bb,1.99,13.654,7.914,0.003,2621.355,7.032
2457500.01497,2016-04-21.5136354,bb,1.71,13.744,8.070,0.004,2268.900,7.983
2457500.01622,2016-04-21.5148924,bb,1.78,13.723,8.024,0.004,2367.093,9.479
2457500.01748,2016-04-21.5161533,bb,1.81,13.749,8.076,0.004,2256.674,9.265
2457503.00036,2016-04-24.4991053,bb,1.68,13.719,8.000,0.005,2420.165,10.743
2457503.00161,2016-04-24.5003591,bb,1.71,13.687,7.954,0.004,2526.912,9.377
2457503.00287,2016-04-24.5016195,bb,2.00,13.689,7.981,0.004,2461.591,8.922
2457504.89221,2016-04-26.3910075,bb,1.66,13.731,8.052,0.004,2308.040,8.186
2457504.89357,2016-04-26.3923657,bb,1.75,13.704,8.012,0.004,2393.709,9.901
2457504.89484,2016-04-26.3936440,bb,1.72,13.715,8.033,0.004,2348.943,7.777
2457506.94494,2016-04-28.4437965,bb,1.73,13.694,7.949,0.004,2536.869,9.542
2457506.94619,2016-04-28.4450481,bb,1.76,13.705,7.981,0.004,2463.332,8.940
2457506.94744,2016-04-28.4463008,bb,1.67,13.702,7.968,0.004,2492.926,9.281
2457507.89239,2016-04-29.3912693,bb,2.00,13.691,7.978,0.004,2469.378,9.059
2457507.89365,2016-04-29.3925284,bb,1.75,13.686,7.960,0.004,2509.788,8.484
2457510.92708,2016-05-02.4260552,bb,1.74,13.718,8.003,0.003,2413.656,7.121
2457510.92834,2016-05-02.4273090,bb,1.74,13.688,7.946,0.004,2543.540,8.261
2457510.92959,2016-05-02.4285628,bb,1.76,13.705,7.988,0.003,2446.107,7.420
2457513.83960,2016-05-05.3386584,bb,1.85,12.667,7.600,0.004,3497.749,12.313
2457513.84089,2016-05-05.3399471,bb,1.62,12.668,7.558,0.012,3635.338,39.724
2457513.84215,2016-05-05.3412098,bb,1.78,12.863,7.676,0.008,3262.665,25.202
2457514.83100,2016-05-06.3300880,bb,1.60,13.681,7.952,0.004,2531.030,10.144
2457514.83227,2016-05-06.3313549,bb,1.62,13.686,7.958,0.004,2515.573,8.727
2457514.83352,2016-05-06.3326062,bb,1.64,13.691,7.969,0.004,2488.900,8.790
2457523.88556,2016-05-15.3849358,bb,1.71,13.714,8.002,0.003,2416.806,7.563
2457523.88682,2016-05-15.3861932,bb,1.66,13.719,8.011,0.004,2397.582,8.042
2457523.88808,2016-05-15.3874487,bb,1.62,13.723,8.023,0.003,2371.077,7.558
2457527.96271,2016-05-19.4622203,bb,1.77,13.695,7.973,0.004,2479.695,8.571
2457527.96398,2016-05-19.4634876,bb,1.66,13.700,7.992,0.004,2438.634,9.240
2457527.96523,2016-05-19.4647424,bb,1.72,13.693,7.974,0.004,2478.950,8.326
2457530.85286,2016-05-22.3524634,bb,1.75,13.707,7.994,0.004,2435.420,10.098
2457530.85418,2016-05-22.3537774,bb,1.80,13.712,7.999,0.005,2421.525,10.337
2457530.85545,2016-05-22.3550510,bb,1.77,13.705,7.999,0.004,2422.427,9.534
2457532.78819,2016-05-24.2878607,bb,1.71,13.661,7.925,0.005,2593.945,10.821
2457532.78945,2016-05-24.2891222,bb,1.68,13.671,7.943,0.004,2549.101,9.544
2457532.79071,2016-05-24.2903791,bb,1.79,13.679,7.960,0.004,2512.477,10.025
2457537.76578,2016-05-29.2656179,bb,2.01,13.640,7.935,0.004,2569.626,10.110
2457537.76705,2016-05-29.2668855,bb,2.01,13.641,7.936,0.004,2567.985,10.535
2457537.76831,2016-05-29.2681479,bb,2.00,13.636,7.932,0.004,2576.494,10.031
2457540.90647,2016-06-01.4064131,bb,1.74,13.700,7.949,0.004,2538.218,9.278
2457540.90772,2016-06-01.4076682,bb,1.76,13.694,7.937,0.004,2565.164,9.276
2457540.90897,2016-06-01.4089172,bb,1.74,13.684,7.921,0.004,2602.359,10.045
2457543.85029,2016-06-04.3503324,bb,1.65,13.671,7.971,0.004,2485.083,8.644
2457543.85154,2016-06-04.3515885,bb,1.66,13.666,7.984,0.003,2456.843,6.829
2457543.85280,2016-06-04.3528509,bb,1.64,13.654,7.951,0.004,2532.691,8.906
2457548.95396,2016-06-09.4541812,bb,1.68,13.692,7.957,0.004,2516.401,8.527
2457548.95523,2016-06-09.4554480,bb,1.66,13.704,7.981,0.004,2464.591,8.078
2457548.95648,2016-06-09.4567001,bb,1.67,13.688,7.951,0.003,2532.178,6.850
2457555.76714,2016-06-16.2675849,bb,1.65,13.557,8.011,0.005,2396.304,11.418
2457555.76840,2016-06-16.2688549,bb,1.64,13.546,8.009,0.005,2400.029,11.623
2457555.76967,2016-06-16.2701185,bb,1.71,13.578,8.050,0.006,2310.900,12.469
2457558.86347,2016-06-19.3640190,bb,1.69,13.725,8.022,0.005,2371.313,10.010
2457558.86473,2016-06-19.3652819,bb,1.65,13.737,8.048,0.004,2315.736,8.318
2457558.86598,2016-06-19.3665358,bb,1.68,13.736,8.037,0.005,2338.858,9.837
2457560.89837,2016-06-21.3989951,bb,1.69,13.740,8.080,0.004,2249.027,8.153
2457560.89964,2016-06-21.4002577,bb,1.64,13.720,8.032,0.005,2350.911,10.565
2457560.90090,2016-06-21.4015245,bb,1.68,13.707,8.005,0.004,2408.543,9.946
2457561.77556,2016-06-22.2762004,bb,1.81,13.503,7.942,0.005,2553.869,12.019
2457561.77682,2016-06-22.2774673,bb,1.70,13.502,7.920,0.005,2605.623,11.047
2457561.77808,2016-06-22.2787324,bb,1.76,13.528,7.938,0.005,2561.299,11.906
2457566.90332,2016-06-27.4041319,bb,1.63,13.685,7.947,0.004,2541.967,9.384
2457566.90458,2016-06-27.4053870,bb,1.65,13.692,7.961,0.003,2508.882,7.909
2457566.90584,2016-06-27.4066534,bb,1.64,13.696,7.972,0.003,2482.961,7.622
2457572.85186,2016-07-03.3528552,bb,2.28,13.615,7.889,0.005,2682.120,11.548
2457572.85311,2016-07-03.3541092,bb,2.17,13.608,7.874,0.003,2718.164,7.524
2457572.85437,2016-07-03.3553586,bb,2.19,13.624,7.889,0.004,2680.586,9.775
2457575.88091,2016-07-06.3819917,bb,1.73,13.610,7.970,0.004,2489.366,9.845
2457575.88217,2016-07-06.3832570,bb,1.65,13.645,8.026,0.004,2362.745,8.560
2457575.88344,2016-07-06.3845204,bb,1.63,13.615,7.983,0.004,2459.209,8.463
2457576.85052,2016-07-07.3516273,bb,1.65,13.703,7.973,0.003,2482.123,6.322
2457576.85178,2016-07-07.3528917,bb,1.73,13.718,8.000,0.003,2419.569,7.465
2457576.85305,2016-07-07.3541593,bb,1.75,13.729,8.019,0.003,2379.160,7.332
2457578.85897,2016-07-09.3601375,bb,1.83,13.717,8.024,0.003,2366.487,6.398
2457578.86024,2016-07-09.3614040,bb,1.83,13.699,7.988,0.003,2446.599,6.809
2457578.86150,2016-07-09.3626640,bb,1.78,13.689,7.964,0.003,2503.364,7.453
2457581.83244,2016-07-12.3336883,bb,1.67,13.730,8.027,0.004,2362.130,8.621
2457581.83369,2016-07-12.3349415,bb,1.69,13.720,8.012,0.003,2392.904,7.092
2457581.83494,2016-07-12.3361921,bb,1.74,13.713,7.997,0.004,2427.620,7.989
2457582.86053,2016-07-13.3618089,bb,1.64,13.704,7.979,0.003,2469.152,7.191
2457582.86180,2016-07-13.3630740,bb,1.66,13.691,7.957,0.004,2518.949,9.941
2457582.86305,2016-07-13.3643260,bb,1.67,13.690,7.959,0.003,2513.639,7.520
2457586.76646,2016-07-17.2678420,bb,1.64,13.752,8.069,0.005,2271.388,9.553
2457586.76772,2016-07-17.2690987,bb,1.77,13.716,7.997,0.004,2426.123,9.459
2457586.76897,2016-07-17.2703450,bb,1.73,13.739,8.045,0.005,2324.271,9.851
2457592.82449,2016-07-23.3260151,bb,1.80,13.714,8.030,0.004,2353.517,8.101
2457592.82574,2016-07-23.3272625,bb,1.79,13.710,8.017,0.004,2383.941,9.366
2457592.82699,2016-07-23.3285196,bb,1.70,13.709,8.019,0.004,2379.302,8.609
2457596.80498,2016-07-27.3065864,bb,2.26,13.574,7.878,0.004,2709.074,10.339
2457596.80622,2016-07-27.3078315,bb,2.17,13.619,7.919,0.004,2607.849,10.175
2457596.80747,2016-07-27.3090847,bb,2.22,13.547,7.798,0.004,2915.202,10.943
2457600.79986,2016-07-31.3015527,bb,1.70,13.736,8.035,0.004,2343.086,8.074
2457600.80112,2016-07-31.3028090,bb,1.67,13.721,8.007,0.004,2404.996,8.977
2457600.80236,2016-07-31.3040554,bb,1.71,13.700,7.963,0.004,2504.000,8.987
2457603.79119,2016-08-03.2929368,bb,1.71,13.695,7.975,0.004,2477.861,8.284
2457603.79244,2016-08-03.2941902,bb,1.74,13.695,7.979,0.004,2469.388,8.087
2457603.79370,2016-08-03.2954453,bb,1.76,13.687,7.966,0.003,2498.275,7.923
2457605.78630,2016-08-05.2880789,bb,2.05,13.692,7.983,0.004,2458.677,9.038
2457605.78755,2016-08-05.2893329,bb,2.03,13.694,7.999,0.004,2421.054,8.180
2457605.78882,2016-08-05.2905979,bb,2.01,13.686,7.979,0.004,2469.219,9.565
2457607.77761,2016-08-07.2794292,bb,1.73,13.722,8.030,0.004,2353.736,8.835
2457607.77887,2016-08-07.2806829,bb,1.77,13.721,8.026,0.004,2363.431,9.307
2457607.78013,2016-08-07.2819399,bb,1.78,13.721,8.030,0.004,2353.445,8.495
2457609.76496,2016-08-09.2668084,bb,1.79,13.688,7.973,0.004,2483.160,9.989
2457609.76622,2016-08-09.2680642,bb,1.79,13.675,7.950,0.004,2534.314,9.818
2457609.76747,2016-08-09.2693146,bb,1.84,13.673,7.947,0.004,2541.735,9.934
2457612.76382,2016-08-12.2657067,bb,2.01,13.688,7.981,0.004,2463.854,9.548
2457613.75932,2016-08-13.2612144,bb,1.75,13.674,7.950,0.004,2534.768,8.844
2457613.76058,2016-08-13.2624755,bb,1.81,13.688,7.971,0.004,2486.169,9.904
2457613.76183,2016-08-13.2637297,bb,1.75,13.701,7.997,0.005,2425.770,10.382
2457617.74944,2016-08-17.2513805,bb,2.01,13.689,7.988,0.005,2447.347,10.799
2457618.74492,2016-08-18.2468760,bb,2.33,13.623,7.949,0.005,2537.660,12.408
2457618.74619,2016-08-18.2481439,bb,2.28,13.604,7.924,0.006,2597.864,13.857
2457618.74744,2016-08-18.2493923,bb,2.26,13.660,8.018,0.006,2379.840,12.837
2457619.74415,2016-08-19.2461114,bb,2.28,13.606,7.894,0.005,2668.302,12.964
2457619.74541,2016-08-19.2473739,bb,2.20,13.640,7.952,0.005,2529.491,11.366
2457619.74667,2016-08-19.2486320,bb,2.29,13.633,7.936,0.005,2566.356,10.875
2457736.16893,2016-12-13.6686128,bb,2.00,13.692,8.016,0.006,2384.530,12.352
2457737.16271,2016-12-14.6623636,bb,1.72,13.708,8.052,0.005,2307.356,10.470
2457737.16398,2016-12-14.6636299,bb,1.71,13.729,8.084,0.005,2241.643,10.507
2457737.16524,2016-12-14.6648898,bb,1.71,13.727,8.078,0.005,2251.882,10.683
2457752.16279,2016-12-29.6619431,bb,1.72,13.718,8.018,0.003,2381.438,7.167
2457752.16404,2016-12-29.6631934,bb,1.70,13.688,7.990,0.004,2441.158,8.671
2457752.16531,2016-12-29.6644598,bb,1.70,13.720,8.022,0.003,2371.180,7.121
2457758.12280,2017-01-04.6217668,bb,1.64,13.708,8.000,0.004,2420.418,8.485
2457758.12406,2017-01-04.6230224,bb,1.61,13.726,8.033,0.004,2347.628,8.702
2457758.12532,2017-01-04.6242871,bb,1.63,13.705,7.991,0.004,2441.024,9.097
2457764.12156,2017-01-10.6203462,bb,1.63,13.707,7.998,0.004,2424.000,8.388
2457764.12283,2017-01-10.6216192,bb,1.70,13.687,7.957,0.004,2518.891,8.197
2457764.12410,2017-01-10.6228877,bb,1.64,13.719,8.022,0.005,2370.086,10.138
2457768.12719,2017-01-14.6258722,bb,1.73,13.724,8.041,0.004,2331.273,9.272
2457768.12845,2017-01-14.6271342,bb,1.66,13.738,8.072,0.003,2264.985,7.274
2457768.12971,2017-01-14.6283875,bb,1.69,13.732,8.055,0.004,2301.799,7.985
2457774.13712,2017-01-20.6356517,bb,2.00,13.687,7.976,0.005,2474.659,10.339
2457774.13837,2017-01-20.6369023,bb,2.01,13.691,7.980,0.004,2465.994,10.166
2457774.13962,2017-01-20.6381563,bb,1.78,13.684,7.963,0.005,2504.407,10.489
2457779.10146,2017-01-25.5998812,bb,1.79,13.716,8.017,0.004,2383.251,8.106
2457779.10272,2017-01-25.6011354,bb,1.72,13.699,7.983,0.004,2458.050,9.660
2457779.10397,2017-01-25.6023887,bb,1.77,13.709,8.005,0.004,2411.243,8.213
2457783.09207,2017-01-29.5904079,bb,1.74,13.723,8.014,0.003,2389.974,7.303
2457783.09333,2017-01-29.5916674,bb,1.74,13.710,7.978,0.004,2471.926,8.315
2457783.09461,2017-01-29.5929471,bb,1.71,13.718,7.993,0.003,2436.415,7.850
2457786.04409,2017-02-01.5423738,bb,2.04,12.501,7.693,0.012,3211.295,33.776
2457786.04537,2017-02-01.5436523,bb,1.87,13.002,7.864,0.010,2744.384,25.939
2457786.04665,2017-02-01.5449357,bb,1.96,13.052,7.801,0.006,2905.426,17.109
2457787.04488,2017-02-02.5431416,bb,1.71,13.642,8.028,0.002,2358.640,5.002
2457787.04616,2017-02-02.5444196,bb,1.95,13.617,7.977,0.003,2472.222,6.658
2457787.04742,2017-02-02.5456868,bb,1.72,13.480,7.976,0.004,2475.510,8.289
2457789.07541,2017-02-04.5736364,bb,1.77,13.722,8.020,0.003,2375.905,7.283
2457789.07669,2017-02-04.5749146,bb,1.73,13.739,8.058,0.003,2294.898,6.990
2457789.07796,2017-02-04.5761902,bb,1.77,13.713,8.004,0.003,2411.838,7.777
2457793.04297,2017-02-08.5411415,bb,1.97,13.711,8.023,0.004,2369.924,8.662
2457793.04425,2017-02-08.5424197,bb,2.01,13.684,7.975,0.004,2476.018,8.403
2457793.04553,2017-02-08.5437053,bb,1.99,13.697,7.992,0.004,2439.450,9.645
2457798.04864,2017-02-13.5467425,bb,1.74,13.685,7.990,0.004,2442.358,10.182
2457798.04991,2017-02-13.5480199,bb,1.74,13.686,7.993,0.005,2435.835,10.314
2457798.05118,2017-02-13.5492905,bb,1.79,13.685,7.987,0.004,2449.659,10.059
2457800.10915,2017-02-15.6072337,bb,2.11,13.661,7.943,0.004,2549.627,9.361
2457800.11042,2017-02-15.6085090,bb,2.33,13.620,7.925,0.004,2592.601,9.320
2457800.11171,2017-02-15.6097917,bb,2.30,13.631,7.941,0.004,2554.527,9.360
2457803.04608,2017-02-18.5441431,bb,1.71,13.688,7.971,0.004,2488.065,10.061
2457803.04737,2017-02-18.5454262,bb,1.73,13.688,7.964,0.004,2502.911,9.784
2457803.04864,2017-02-18.5466956,bb,1.65,13.692,7.974,0.004,2480.029,9.944
2457807.08511,2017-02-22.5831414,bb,1.66,13.751,8.066,0.004,2277.116,7.438
2457807.08640,2017-02-22.5844337,bb,1.76,13.738,8.059,0.004,2293.010,7.825
2457807.08769,2017-02-22.5857197,bb,1.64,13.758,8.079,0.004,2250.858,7.803
2457818.01233,2017-03-05.5103339,bb,1.99,13.657,7.981,0.005,2463.990,10.523
2457818.01361,2017-03-05.5116091,bb,2.00,13.673,7.969,0.004,2489.609,10.279
2457818.01487,2017-03-05.5128770,bb,2.02,13.699,8.014,0.005,2388.325,10.510
2457818.95538,2017-03-06.4533807,bb,1.84,13.652,7.940,0.005,2557.383,11.580
2457818.95666,2017-03-06.4546655,bb,1.80,13.658,7.951,0.004,2532.473,9.380
2457818.95795,2017-03-06.4559498,bb,1.84,13.653,7.943,0.004,2552.099,10.388
2457819.95941,2017-03-07.4574199,bb,1.74,13.664,7.966,0.005,2496.530,11.129
2457819.96068,2017-03-07.4586884,bb,1.79,13.669,7.982,0.004,2461.531,9.960
2457819.96198,2017-03-07.4599872,bb,1.78,13.691,8.024,0.005,2368.692,9.999
2457825.96089,2017-03-13.4589141,bb,1.64,13.710,8.051,0.004,2308.995,9.018
2457825.96216,2017-03-13.4601865,bb,1.64,13.709,8.048,0.005,2315.455,10.255
2457825.96344,2017-03-13.4614667,bb,1.66,13.746,8.114,0.005,2179.149,10.947
2457829.02929,2017-03-16.5273424,bb,1.70,13.723,8.020,0.004,2375.515,8.961
2457829.03057,2017-03-16.5286195,bb,1.78,13.735,8.045,0.004,2321.559,8.532
2457829.03185,2017-03-16.5298927,bb,1.75,13.713,7.992,0.004,2438.468,8.599
2457832.05334,2017-03-19.5514173,bb,1.75,13.705,7.972,0.003,2485.175,7.570
2457832.05463,2017-03-19.5527028,bb,1.71,13.714,7.982,0.004,2458.822,8.871
2457832.05590,2017-03-19.5539762,bb,1.74,13.713,7.985,0.004,2453.517,8.919
2457835.03823,2017-03-22.5363346,bb,1.75,13.709,7.987,0.003,2450.486,7.852
2457835.03951,2017-03-22.5376150,bb,1.75,13.710,7.982,0.004,2460.419,8.119
2457835.04079,2017-03-22.5388916,bb,1.71,13.723,8.007,0.004,2405.775,8.364
2457837.93738,2017-03-25.4355230,bb,2.19,13.608,7.897,0.004,2659.286,9.093
2457837.93865,2017-03-25.4367953,bb,2.24,13.614,7.908,0.004,2634.845,9.138
2457837.93992,2017-03-25.4380570,bb,2.26,13.601,7.906,0.003,2639.485,8.271
2457841.01328,2017-03-28.5114555,bb,2.07,13.704,7.977,0.004,2472.317,8.681
2457841.01454,2017-03-28.5127240,bb,2.05,13.686,7.986,0.003,2451.320,6.443
2457841.01582,2017-03-28.5139994,bb,1.97,13.629,7.994,0.003,2435.378,7.625
2457846.87801,2017-04-03.3762807,bb,2.17,13.657,8.011,0.004,2397.437,8.799
2457846.87929,2017-04-03.3775601,bb,2.05,13.684,8.030,0.004,2353.769,9.444
2457846.88056,2017-04-03.3788318,bb,2.21,13.627,7.973,0.004,2482.633,9.634
2457847.99549,2017-04-04.4937769,bb,1.67,13.704,7.976,0.003,2475.549,6.436
2457847.99676,2017-04-04.4950484,bb,1.76,13.733,8.023,0.004,2370.865,8.363
2457847.99802,2017-04-04.4963125,bb,1.73,13.705,7.965,0.004,2499.699,8.847
2457848.87848,2017-04-05.3767893,bb,1.84,13.691,8.020,0.004,2376.257,9.526
2457848.87974,2017-04-05.3780447,bb,1.78,13.697,8.031,0.004,2353.664,9.227
2457848.88101,2017-04-05.3793111,bb,1.76,13.698,8.024,0.005,2366.675,10.780
2457850.11415,2017-04-06.6124807,bb,1.74,13.703,7.991,0.004,2438.742,8.932
2457850.11542,2017-04-06.6137482,bb,1.75,13.678,7.942,0.004,2553.240,9.654
2457851.86574,2017-04-08.3641003,bb,1.80,13.699,8.056,0.005,2298.611,10.135
2457851.86700,2017-04-08.3653634,bb,1.73,13.674,8.004,0.005,2412.953,10.574
2457851.86827,2017-04-08.3666347,bb,1.75,13.708,8.063,0.005,2283.589,9.616
2457853.99942,2017-04-10.497825,bb,1.97,99.990,99.990,99.990,99.990,99.990
2457854.99057,2017-04-11.4889930,bb,1.76,13.762,8.141,0.005,2124.314,9.211
2457859.03586,2017-04-15.5343771,bb,1.97,13.694,7.983,0.004,2457.965,9.248
2457859.03713,2017-04-15.5356502,bb,1.77,13.687,7.975,0.003,2477.603,6.968
2457859.03841,2017-04-15.5369222,bb,2.00,13.686,7.969,0.004,2490.140,8.739
2457863.98861,2017-04-20.4872460,bb,1.63,13.716,8.015,0.004,2386.253,7.844
2457863.98990,2017-04-20.4885344,bb,1.69,13.699,7.982,0.004,2459.114,8.126
2457863.99116,2017-04-20.4897991,bb,1.70,13.703,7.993,0.004,2436.260,8.384
2457869.88748,2017-04-26.3862697,bb,1.69,13.698,7.983,0.004,2460.037,8.692
2457869.88876,2017-04-26.3875454,bb,1.70,13.698,7.987,0.003,2449.976,7.741
2457869.89002,2017-04-26.3888145,bb,1.73,13.687,7.966,0.004,2498.309,8.924
2457877.82821,2017-05-04.3272238,bb,1.70,13.704,8.015,0.004,2387.963,9.087
2457877.82946,2017-05-04.3284849,bb,1.63,13.697,7.998,0.004,2426.015,9.189
2457877.83073,2017-05-04.3297540,bb,1.66,13.728,8.056,0.004,2298.950,8.005
2457881.80262,2017-05-08.3017583,bb,1.68,13.695,8.004,0.005,2409.727,10.672
2457881.80388,2017-05-08.3030208,bb,1.64,13.702,8.025,0.004,2366.660,9.374
2457881.80516,2017-05-08.3043003,bb,1.62,13.689,7.999,0.005,2424.462,10.520
2457884.94154,2017-05-11.4407803,bb,1.73,13.721,8.032,0.004,2349.629,8.437
2457884.94281,2017-05-11.4420513,bb,1.87,13.704,8.006,0.005,2407.314,10.113
2457884.94409,2017-05-11.4433291,bb,1.71,13.705,8.015,0.004,2386.129,9.470
2457891.01518,2017-05-17.5146167,bb,1.98,13.682,7.978,0.004,2471.174,8.288
2457891.01646,2017-05-17.5158932,bb,1.94,13.706,8.024,0.004,2368.301,7.781
2457891.01772,2017-05-17.5171576,bb,2.02,13.717,8.056,0.004,2300.127,7.749
2457891.84057,2017-05-18.3400351,bb,2.03,13.698,7.992,0.004,2437.719,8.175
2457891.84184,2017-05-18.3413052,bb,1.98,13.700,7.993,0.003,2436.167,7.773
2457891.84312,2017-05-18.3425820,bb,2.07,13.702,7.999,0.004,2422.278,8.667
2457894.79527,2017-05-21.2948304,bb,1.73,13.677,7.957,0.004,2517.798,9.374
2457894.79653,2017-05-21.2960938,bb,1.66,13.690,7.980,0.004,2464.313,9.298
2457894.79781,2017-05-21.2973706,bb,1.69,13.680,7.965,0.004,2500.372,8.645
2457898.95775,2017-05-25.4574458,bb,1.63,13.771,8.119,0.003,2169.667,6.844
2457898.95903,2017-05-25.4587274,bb,1.65,13.728,8.036,0.004,2342.333,7.730
2457898.96034,2017-05-25.4600407,bb,1.72,13.732,8.056,0.003,2300.000,5.652
2457901.92101,2017-05-28.4208092,bb,1.68,13.719,8.026,0.004,2363.639,8.110
2457901.92228,2017-05-28.4220802,bb,1.66,13.740,8.069,0.004,2270.654,7.575
2457906.81714,2017-06-02.3171097,bb,1.75,13.695,8.023,0.004,2369.626,9.268
2457906.81841,2017-06-02.3183775,bb,1.69,13.681,8.010,0.004,2399.838,9.921
2457906.81967,2017-06-02.3196407,bb,1.74,13.666,8.009,0.005,2401.043,10.238
2457910.89236,2017-06-06.3924670,bb,1.67,13.650,7.960,0.004,2512.024,8.706
2457910.89363,2017-06-06.3937339,bb,1.69,13.683,8.009,0.004,2399.027,9.844
2457910.89490,2017-06-06.3950135,bb,1.69,13.656,7.959,0.004,2512.971,9.887
2457917.94334,2017-06-13.4436875,bb,1.70,13.636,8.060,0.004,2291.710,8.696
2457917.94461,2017-06-13.4449545,bb,1.73,13.654,8.051,0.004,2308.372,8.206
2457917.94587,2017-06-13.4462187,bb,1.72,13.652,8.033,0.004,2347.700,7.863
2457920.90994,2017-06-16.4103899,bb,1.70,13.669,7.970,0.003,2489.000,7.892
2457920.91121,2017-06-16.4116596,bb,1.65,13.654,7.936,0.003,2569.793,8.094
2457920.91248,2017-06-16.4129259,bb,1.70,13.650,7.931,0.003,2579.699,8.122
2457926.91512,2017-06-22.4157603,bb,1.72,13.670,7.965,0.004,2499.751,8.783
2457926.91637,2017-06-22.4170233,bb,1.74,13.660,7.951,0.003,2533.361,8.053
2457926.91765,2017-06-22.4182885,bb,1.77,13.660,7.944,0.004,2549.777,9.672
2457929.91017,2017-06-25.4109118,bb,1.69,13.684,7.974,0.004,2480.059,8.500
2457929.91143,2017-06-25.4121736,bb,1.73,13.707,8.022,0.004,2373.425,8.851
2457929.91271,2017-06-25.4134447,bb,1.72,13.674,7.961,0.004,2510.989,8.266
2457933.84843,2017-06-29.3492946,bb,2.03,13.668,7.932,0.004,2575.657,9.744
2457935.83304,2017-07-01.3339684,bb,2.02,13.468,8.045,0.004,2323.679,9.802
2457935.83434,2017-07-01.3352717,bb,2.06,13.387,7.940,0.005,2558.125,12.022
2457935.83562,2017-07-01.3365418,bb,2.07,13.353,7.960,0.006,2511.665,14.062
2457936.79296,2017-07-02.2939189,bb,2.25,13.555,7.820,0.004,2857.533,10.652
2457936.79424,2017-07-02.2951893,bb,2.15,13.618,7.912,0.004,2623.254,9.810
2457936.79549,2017-07-02.2964521,bb,2.21,13.594,7.894,0.004,2669.530,9.382
2457937.81759,2017-07-03.318575,bb,1.67,13.722,8.014,0.004,2391.354,8.762
2457937.81886,2017-07-03.3198498,bb,1.70,13.736,8.032,0.004,2350.187,9.107
2457937.82013,2017-07-03.3211158,bb,1.73,13.732,8.031,0.004,2351.205,9.359
2457955.75002,2017-07-21.2514894,bb,2.00,13.630,7.875,0.005,2715.133,11.445
2457955.75129,2017-07-21.2527592,bb,1.90,13.616,7.839,0.005,2807.257,13.100
2457955.75256,2017-07-21.2540304,bb,1.99,13.635,7.876,0.005,2712.935,12.681
2457959.81048,2017-07-25.3120435,bb,1.65,13.722,8.041,0.004,2331.659,8.573
2457959.81175,2017-07-25.3133108,bb,1.70,13.727,8.047,0.004,2317.380,8.776
2457959.81303,2017-07-25.3145866,bb,1.69,13.698,7.996,0.003,2429.066,7.292
2457961.83342,2017-07-27.3350321,bb,1.68,13.705,8.028,0.003,2357.875,7.507
2457961.83470,2017-07-27.3363103,bb,1.74,13.723,8.057,0.004,2296.736,8.155
2457961.83597,2017-07-27.3375812,bb,1.69,13.731,8.074,0.004,2259.286,7.944
2457968.76159,2017-08-03.2633414,bb,1.66,13.681,7.965,0.004,2500.183,9.334
2457968.76287,2017-08-03.2646172,bb,1.70,13.692,7.989,0.005,2445.878,10.324
2457968.76414,2017-08-03.2658924,bb,1.73,13.692,7.987,0.004,2450.382,7.994
2457972.77794,2017-08-07.2797488,bb,1.72,13.671,8.141,0.005,2126.038,10.007
2457972.77921,2017-08-07.2810130,bb,1.63,13.662,8.060,0.005,2290.656,10.003
2457972.78048,2017-08-07.2822864,bb,1.73,13.708,8.113,0.005,2181.515,10.210
2457973.77801,2017-08-08.2798353,bb,1.61,13.514,8.001,0.006,2417.609,14.034
2457973.77927,2017-08-08.2811016,bb,1.91,13.430,8.060,0.007,2291.293,14.757
2457973.78055,2017-08-08.2823806,bb,1.74,13.532,8.072,0.009,2265.153,19.219
2457974.77351,2017-08-09.2753562,bb,1.67,13.685,7.980,0.004,2465.735,9.623
2457974.77478,2017-08-09.2766225,bb,1.68,13.727,8.068,0.004,2274.143,7.830
2457974.77605,2017-08-09.2778883,bb,1.77,13.753,8.116,0.005,2175.212,10.248
2457977.75375,2017-08-12.2556295,bb,1.72,13.712,8.019,0.004,2377.788,9.459
2457977.75501,2017-08-12.2568930,bb,1.75,13.719,8.033,0.004,2348.773,8.719
2457977.75628,2017-08-12.2581578,bb,1.81,13.687,7.973,0.004,2480.481,9.281
2457981.75023,2017-08-16.2521637,bb,1.77,13.718,8.041,0.004,2331.466,9.001
2457981.75149,2017-08-16.2534268,bb,1.74,13.668,7.935,0.004,2569.239,9.372
2457981.75278,2017-08-16.2547129,bb,1.74,13.676,7.952,0.004,2527.967,8.980
2457985.74492,2017-08-20.2468923,bb,1.75,13.719,8.024,0.003,2366.762,7.677
2457985.74619,2017-08-20.2481671,bb,1.68,13.717,8.020,0.004,2376.863,8.495
2457985.74747,2017-08-20.2494398,bb,1.82,13.740,8.063,0.004,2284.763,7.879
2457990.72921,2017-08-25.2312222,bb,1.74,13.723,8.081,0.005,2245.737,10.511
2457990.73049,2017-08-25.2325002,bb,1.76,13.706,8.031,0.005,2351.907,10.683
2457990.73175,2017-08-25.2337663,bb,1.81,13.703,8.029,0.004,2357.039,9.652
2458159.02766,2018-02-09.5258266,bb,2.15,13.626,7.960,0.004,2510.799,8.353
2458159.02893,2018-02-09.5270922,bb,2.18,13.627,7.963,0.004,2504.968,9.400
2458159.03022,2018-02-09.5283769,bb,2.16,13.620,7.940,0.003,2557.005,8.324
2458162.04818,2018-02-12.5462952,bb,1.68,13.680,7.975,0.004,2477.622,8.918
2458162.04945,2018-02-12.5475716,bb,1.70,13.671,7.958,0.004,2514.489,9.170
2458162.05072,2018-02-12.5488377,bb,1.68,13.654,7.923,0.004,2598.729,9.634